epoch,train_loss,train_loss_ch0,train_loss_ch1,train_loss_ch2,train_loss_ch3,train_loss_ch4,val_loss,lr,epoch_time_sec,data_time_sec,train_samples_per_sec,val_samples_per_sec,val_loss_ch0,val_loss_ch1,val_loss_ch2,val_loss_ch3,val_loss_ch4,train_compare_loss,val_compare_loss,train_compare_loss_ch0,train_compare_loss_ch1,train_compare_loss_ch2,train_compare_loss_ch3,train_compare_loss_ch4,val_compare_loss_ch0,val_compare_loss_ch1,val_compare_loss_ch2,val_compare_loss_ch3,val_compare_loss_ch4,train_l1_loss,train_mse_loss,val_l1_loss,val_mse_loss,train_l1_loss_ch0,train_l1_loss_ch1,train_l1_loss_ch2,train_l1_loss_ch3,train_l1_loss_ch4,val_l1_loss_ch0,val_l1_loss_ch1,val_l1_loss_ch2,val_l1_loss_ch3,val_l1_loss_ch4,train_mse_loss_ch0,train_mse_loss_ch1,train_mse_loss_ch2,train_mse_loss_ch3,train_mse_loss_ch4,val_mse_loss_ch0,val_mse_loss_ch1,val_mse_loss_ch2,val_mse_loss_ch3,val_mse_loss_ch4
1,0.34754393890624247,0.025293393060564995,0.39105069637298584,0.4051051735877991,0.45771312713623047,0.45855364203453064,0.306481596104304,0.0018000000000000002,11568.078666687012,16.476449489593506,1618.246256736533,4796.569594842121,0.011785444803535938,0.3396064341068268,0.35744544863700867,0.41063055396080017,0.41293883323669434,8.132514832141168e-05,6.137768997420305e-05,2.6324898499296978e-05,8.569860801799223e-05,8.113648800645024e-05,0.00011308732064208016,0.00010037924948846921,2.8315930649114307e-06,6.579854380106553e-05,6.297599611571059e-05,9.343592682853341e-05,8.184638136299327e-05,0.0033720503555798335,8.132514832141168e-05,0.0026383290155402696,6.137768997420305e-05,0.0016157664358615875,0.0036043378058820963,0.003463744418695569,0.004200277384370565,0.003976128995418549,2.6324898499296978e-05,8.569860801799223e-05,8.113648800645024e-05,0.00011308732064208016,0.00010037924948846921,0.0007364944904111326,0.002901906380429864,0.0027932790108025074,0.0034837336279451847,0.0032762361224740744,2.8315930649114307e-06,6.579854380106553e-05,6.297599611571059e-05,9.343592682853341e-05,8.184638136299327e-05
2,0.26056178435972993,0.015960780903697014,0.2875385284423828,0.29636940360069275,0.353095680475235,0.34984588623046875,0.28787754726906617,0.0016200000000000001,11813.232363939285,283.7183632850647,1584.6636570989751,4795.549980403349,0.013699233531951904,0.3187410235404968,0.3260536193847656,0.3934323787689209,0.3874608874320984,5.7165437912165845e-05,5.665377489510017e-05,1.3508351003110874e-05,5.778068953077309e-05,5.518510442925617e-05,8.498116221744567e-05,7.437117164954543e-05,4.8307042561646085e-06,5.950785634922795e-05,5.6656634114915505e-05,8.669328963151202e-05,7.558049401268363e-05,0.002493296860730172,5.7165437912165845e-05,0.002499813846203809,5.665377489510017e-05,0.0010177070507779717,0.0026482369285076857,0.0025304530281573534,0.0032388553954660892,0.003031231230124831,1.3508351003110874e-05,5.778068953077309e-05,5.518510442925617e-05,8.498116221744567e-05,7.437117164954543e-05,0.0008547015604563057,0.002713502151891589,0.00254451553337276,0.0033183027990162373,0.003068050369620323,4.8307042561646085e-06,5.950785634922795e-05,5.6656634114915505e-05,8.669328963151202e-05,7.558049401268363e-05
3,0.2383173254508939,0.014641232788562775,0.2612811028957367,0.2678212821483612,0.32613134384155273,0.3217134177684784,0.276969232883056,0.001458,12530.598518133163,102.45233869552612,1493.9430046306318,4359.413274595509,0.014838317409157753,0.3020710051059723,0.33379846811294556,0.3673534393310547,0.3667841851711273,5.131304832118783e-05,5.408945087895821e-05,1.3127346392138861e-05,5.078948743175715e-05,4.824306961381808e-05,7.717775588389486e-05,6.722753460053355e-05,3.0975070330896415e-06,5.684252391802147e-05,5.4436848586192355e-05,8.31586221465841e-05,7.291189831448719e-05,0.0022807134865595598,5.131304832118783e-05,0.002415205713214042,5.408945087895821e-05,0.0009331376058980823,0.0024060839787125587,0.002286087954416871,0.00299124070443213,0.0027870216872543097,1.3127346392138861e-05,5.078948743175715e-05,4.824306961381808e-05,7.717775588389486e-05,6.722753460053355e-05,0.0008984525338746607,0.0025769949425011873,0.0025750866625458,0.0031172316521406174,0.0029082715045660734,3.0975070330896415e-06,5.684252391802147e-05,5.4436848586192355e-05,8.31586221465841e-05,7.291189831448719e-05
4,0.22326906339368888,0.013240604661405087,0.24356193840503693,0.24884596467018127,0.30798861384391785,0.3027086853981018,0.26557963266174,0.0013122000000000001,12341.667860269547,160.61743474006653,1516.8128175174493,4783.5390917947225,0.013295779936015606,0.2903498709201813,0.3045603334903717,0.35926228761672974,0.3604300618171692,4.737401982806154e-05,5.321863146727992e-05,1.2639067790587433e-05,4.625865039997734e-05,4.3633466702885926e-05,7.195260695880279e-05,6.238637433853e-05,2.9333957627386553e-06,5.5813776270952076e-05,5.30770885234233e-05,8.215284469770268e-05,7.211632328107953e-05,0.0021316056758643957,4.737401982806154e-05,0.0023144741580045473,5.321863146727992e-05,0.000844192283693701,0.0022428352385759354,0.002123850164934993,0.0028248571325093508,0.002622292609885335,1.2639067790587433e-05,4.625865039997734e-05,4.3633466702885926e-05,7.195260695880279e-05,6.238637433853e-05,0.0008008223376236856,0.002485690638422966,0.0023749072570353746,0.003051395993679762,0.002859546570107341,2.9333957627386553e-06,5.5813776270952076e-05,5.30770885234233e-05,8.215284469770268e-05,7.211632328107953e-05
5,0.2115828888623251,0.012446334585547447,0.22994233667850494,0.23423141241073608,0.2937021255493164,0.28759005665779114,0.25917684552570186,0.00118098,12570.459849357605,42.16857099533081,1489.2056634631913,4440.721332428931,0.012424640357494354,0.28191637992858887,0.294574111700058,0.35274964570999146,0.35421913862228394,4.4417250389667765e-05,5.215826960811682e-05,1.2384794899844564e-05,4.2862360714934766e-05,4.016026286990382e-05,6.802143616368994e-05,5.865758430445567e-05,2.6780714961205376e-06,5.439577580546029e-05,5.2201237849658355e-05,8.042903209570795e-05,7.108718273229897e-05,0.0020191982903149134,4.4417250389667765e-05,0.0022614516294173275,5.215826960811682e-05,0.0007943239761516452,0.002117322525009513,0.0019989393185824156,0.0026939865201711655,0.002491422463208437,1.2384794899844564e-05,4.2862360714934766e-05,4.016026286990382e-05,6.802143616368994e-05,5.865758430445567e-05,0.0007995699415914714,0.0024116041604429483,0.0022968193516135216,0.0029950954485684633,0.002804173156619072,2.6780714961205376e-06,5.439577580546029e-05,5.2201237849658355e-05,8.042903209570795e-05,7.108718273229897e-05
6,0.2021998758411242,0.011688901111483574,0.21914327144622803,0.22242805361747742,0.28212904930114746,0.27561068534851074,0.25783066715300085,0.001062882,11858.553358316422,270.33311104774475,1578.6073928546803,4774.765061936717,0.014681046828627586,0.2831745743751526,0.29076653718948364,0.34974387288093567,0.3507879078388214,4.203187348730353e-05,5.2224681533364974e-05,1.21891589515144e-05,4.0091628761729226e-05,3.73563016182743e-05,6.487462087534368e-05,5.5647480621701106e-05,3.257977823523106e-06,5.451511242426932e-05,5.135931132826954e-05,8.10435158200562e-05,7.094759348547086e-05,0.0019275139260377424,4.203187348730353e-05,0.0022675519997797287,5.2224681533364974e-05,0.0007461076602339745,0.0020178782287985086,0.0018981059547513723,0.0025878569576889277,0.0023876032792031765,1.21891589515144e-05,4.0091628761729226e-05,3.73563016182743e-05,6.487462087534368e-05,5.5647480621701106e-05,0.0009061819291673601,0.002416023286059499,0.0022641271352767944,0.002970940200611949,0.002780483802780509,3.257977823523106e-06,5.451511242426932e-05,5.135931132826954e-05,8.10435158200562e-05,7.094759348547086e-05
7,0.19396900052018465,0.01108228974044323,0.2095908671617508,0.21241697669029236,0.271688848733902,0.26506590843200684,0.2508099720497926,0.0009565938,11867.9546957016,282.77822065353394,1577.3568807757676,4776.808949367183,0.011862432584166527,0.2736690938472748,0.2838929295539856,0.34234654903411865,0.34227925539016724,4.003880456245194e-05,5.106156308958513e-05,1.2032724953314755e-05,3.7791658542118967e-05,3.504190317471512e-05,6.219916394911706e-05,5.3128307627048343e-05,2.579687816250953e-06,5.332679575076327e-05,5.0517865020083264e-05,7.942692172946408e-05,6.945674249436706e-05,0.0018477370443967327,4.003880456245194e-05,0.002184735927195288,5.106156308958513e-05,0.0007076965994201601,0.0019298804691061378,0.0018126335926353931,0.0024921512231230736,0.002296317834407091,1.2032724953314755e-05,3.7791658542118967e-05,3.504190317471512e-05,6.219916394911706e-05,5.3128307627048343e-05,0.000752665102481842,0.0023390522692352533,0.002213358646258712,0.0029079990927129984,0.002710616448894143,2.579687816250953e-06,5.332679575076327e-05,5.0517865020083264e-05,7.942692172946408e-05,6.945674249436706e-05
8,0.1866838624069674,0.010438351891934872,0.20135897397994995,0.20365896821022034,0.26235124468803406,0.2556111812591553,0.24810421424955129,0.00086093442,12427.836566209793,323.2399523258209,1506.2959590970204,3895.611852802706,0.011282558552920818,0.2692806124687195,0.28243255615234375,0.3392826318740845,0.3382427990436554,3.831920207383317e-05,5.074077396108502e-05,1.1894431736436673e-05,3.5845809179591015e-05,3.31216178892646e-05,5.9810019592987373e-05,5.092383798910305e-05,2.5937774807971437e-06,5.254938514553942e-05,4.981905658496544e-05,7.96035019448027e-05,6.91378372721374e-05,0.0017758664661378133,3.831920207383317e-05,0.0021469434415455906,5.074077396108502e-05,0.0006664348184131086,0.0018540458986535668,0.001737847225740552,0.00240651099011302,0.002214492065832019,1.1894431736436673e-05,3.5845809179591015e-05,3.31216178892646e-05,5.9810019592987373e-05,5.092383798910305e-05,0.0006935467827133834,0.002301049418747425,0.002192859537899494,0.0028754158411175013,0.002671838039532304,2.5937774807971437e-06,5.254938514553942e-05,4.981905658496544e-05,7.96035019448027e-05,6.91378372721374e-05
9,0.18037562770934568,0.01032036542892456,0.19413863122463226,0.19600650668144226,0.2540320158004761,0.24738138914108276,0.24684629798730215,0.000774840978,11852.130820512772,16.542603969573975,1579.4628226344616,4797.933548985391,0.01375256571918726,0.2656250298023224,0.2787276804447174,0.3401162326335907,0.3360089063644409,3.683649961769536e-05,5.077594390885073e-05,1.180580602522241e-05,3.418631604290567e-05,3.147546522086486e-05,5.7706602092366666e-05,4.9008325731847435e-05,2.734100917223259e-06,5.246417276794091e-05,4.992579488316551e-05,7.96906097093597e-05,6.906497583258897e-05,0.0017186681125927457,3.683649961769536e-05,0.0021681515341158957,5.077594390885073e-05,0.0006598839536309242,0.001787516288459301,0.001672455808147788,0.0023302773479372263,0.0021432198118418455,1.180580602522241e-05,3.418631604290567e-05,3.147546522086486e-05,5.7706602092366666e-05,4.9008325731847435e-05,0.0008730131085030735,0.0022693865466862917,0.0021658651530742645,0.0028783264569938183,0.0026541652623564005,2.734100917223259e-06,5.246417276794091e-05,4.992579488316551e-05,7.96906097093597e-05,6.906497583258897e-05
10,0.17458473585877154,0.009876466356217861,0.18770447373390198,0.1893925815820694,0.24620190262794495,0.2397470921278,0.24502134643395743,0.0006973568802,11792.349763393402,199.09669661521912,1587.4698745886822,4796.686281588933,0.009361508302390575,0.26574090123176575,0.2764259874820709,0.33682307600975037,0.3367549180984497,3.546269092804424e-05,5.0707444456475056e-05,1.1709967111528385e-05,3.271602327004075e-05,3.002003359142691e-05,5.564174716710113e-05,4.722601079265587e-05,2.2728493149770657e-06,5.2743653213838115e-05,4.997794167138636e-05,7.94570441939868e-05,6.908603245392442e-05,0.001662220380482419,3.546269092804424e-05,0.00209564080532485,5.0707444456475056e-05,0.0006313551566563547,0.0017282537883147597,0.0016159064834937453,0.0022584651596844196,0.002077102428302169,1.1709967111528385e-05,3.271602327004075e-05,3.002003359142691e-05,5.564174716710113e-05,4.722601079265587e-05,0.0005697173182852566,0.0022643650881946087,0.0021454556845128536,0.002847854048013687,0.0026508099399507046,2.2728493149770657e-06,5.2743653213838115e-05,4.997794167138636e-05,7.94570441939868e-05,6.908603245392442e-05
11,0.16905834086135857,0.008769729174673557,0.18176284432411194,0.18312054872512817,0.23896057903766632,0.23267830908298492,0.24690102863907815,0.0006276211921800001,11553.177440404892,12.480339765548706,1620.3334620769003,4795.781494389973,0.008889088407158852,0.26904651522636414,0.28002873063087463,0.3409634530544281,0.33557701110839844,3.418126494105106e-05,5.1352020652272284e-05,1.1565412023628596e-05,3.134194412268698e-05,2.867015246010851e-05,5.3752966778120026e-05,4.5575503463624045e-05,2.405962732154876e-06,5.3394709539134055e-05,5.062334821559489e-05,8.038152736844495e-05,6.995454168645665e-05,0.0016007011967061164,3.418126494105106e-05,0.002101639696850907,5.1352020652272284e-05,0.0005596015835180879,0.0016735149547457695,0.001562340883538127,0.0021921261213719845,0.002015911741182208,1.1565412023628596e-05,3.134194412268698e-05,2.867015246010851e-05,5.3752966778120026e-05,4.5575503463624045e-05,0.0005390310543589294,0.0022873529233038425,0.0021675112657248974,0.002872755751013756,0.0026415397878736258,2.405962732154876e-06,5.3394709539134055e-05,5.062334821559489e-05,8.038152736844495e-05,6.995454168645665e-05
12,0.16405933656833238,0.008357281796634197,0.17629574239253998,0.1775093972682953,0.23202165961265564,0.22611010074615479,0.24053189133902392,0.0005648590729620001,11635.086763858795,124.31819701194763,1608.9265494906788,4811.307148952691,0.00888262689113617,0.26049917936325073,0.272164523601532,0.33151504397392273,0.32959821820259094,3.299624746829169e-05,5.0062526535703e-05,1.1504416761454195e-05,3.0095083275227807e-05,2.7445052182883956e-05,5.1938124670414254e-05,4.39987015852239e-05,2.31730723498913e-06,5.168264760868624e-05,4.870788689004257e-05,7.914162415545434e-05,6.846302858320996e-05,0.0015516751202036781,3.299624746829169e-05,0.0020540688236244022,5.0062526535703e-05,0.0005332223372533917,0.0016231570625677705,0.0015144222415983677,0.002128484658896923,0.0019590873271226883,1.1504416761454195e-05,3.0095083275227807e-05,2.7445052182883956e-05,5.1938124670414254e-05,4.39987015852239e-05,0.000546992348972708,0.0022163938265293837,0.0021069906651973724,0.002803236013278365,0.002596732461825013,2.31730723498913e-06,5.168264760868624e-05,4.870788689004257e-05,7.914162415545434e-05,6.846302858320996e-05
13,0.15942475696798,0.00822572410106659,0.17118994891643524,0.1721859723329544,0.22559912502765656,0.2199230045080185,0.2382999101812641,0.0005083731656658001,12280.07196187973,129.7210669517517,1524.4210341854136,4584.915914896463,0.008046788163483143,0.25785693526268005,0.26853927969932556,0.32829728722572327,0.3287602365016937,3.1896575822530494e-05,5.010006815997864e-05,1.1452760190877598e-05,2.8958787879673764e-05,2.6330571927246638e-05,5.019642412662506e-05,4.254432860761881e-05,2.248849341413006e-06,5.180135849514045e-05,4.900364365312271e-05,7.916986214695498e-05,6.827669130871072e-05,0.0015090082360030566,3.1896575822530494e-05,0.0020262502633656065,5.010006815997864e-05,0.0005249558598734438,0.0015761376125738025,0.0014688953524455428,0.002069577807560563,0.0019054848235100508,1.1452760190877598e-05,2.8958787879673764e-05,2.6330571927246638e-05,5.019642412662506e-05,4.254432860761881e-05,0.0004908093833364546,0.0021982151083648205,0.002081217709928751,0.00277623045258224,0.002584775909781456,2.248849341413006e-06,5.180135849514045e-05,4.900364365312271e-05,7.916986214695498e-05,6.827669130871072e-05
14,0.155130917356453,0.008249119855463505,0.1664005070924759,0.16725985705852509,0.2195403277873993,0.21420501172542572,0.23833714216152826,0.0004575358490992201,12309.896545648575,714.1015708446503,1520.7276462950724,4813.714883451774,0.008100097998976707,0.25738421082496643,0.2671494483947754,0.3307947814464569,0.3282563090324402,3.084371060223627e-05,5.0111654989602054e-05,1.1405609257053584e-05,2.7869262339663692e-05,2.5281844500568695e-05,4.8520036216359586e-05,4.114196781301871e-05,2.310656782356091e-06,5.172665260033682e-05,4.884810550720431e-05,7.916077447589487e-05,6.851195939816535e-05,0.001471212209902458,3.084371060223627e-05,0.00202431558270085,5.0111654989602054e-05,0.0005271664704196155,0.001531992107629776,0.0014268408995121717,0.0020140421111136675,0.0018560192547738552,1.1405609257053584e-05,2.7869262339663692e-05,2.5281844500568695e-05,4.8520036216359586e-05,4.114196781301871e-05,0.0004932310548610985,0.002188101876527071,0.002070301678031683,0.0027913255617022514,0.0025786051992326975,2.310656782356091e-06,5.172665260033682e-05,4.884810550720431e-05,7.916077447589487e-05,6.851195939816535e-05
15,0.15122338235357569,0.008175655268132687,0.1621837317943573,0.16284458339214325,0.21412234008312225,0.20879004895687103,0.23922980241278807,0.0004117822641892981,15501.497215986252,3328.682690858841,1207.6252854269198,4702.986858318555,0.008484788239002228,0.2647165358066559,0.26682448387145996,0.32574549317359924,0.3303792178630829,2.9854728860578285e-05,5.008835782884186e-05,1.1352231922501232e-05,2.6867190172197297e-05,2.433095869491808e-05,4.689439447247423e-05,3.982864654972218e-05,2.285321215822478e-06,5.165497350390069e-05,4.882746361545287e-05,7.904181984486058e-05,6.863190355943516e-05,0.0014356758657118514,2.9854728860578285e-05,0.0020353192358471763,5.008835782884186e-05,0.0005225814529694617,0.001493158284574747,0.001389118144288659,0.001964388182386756,0.0018091319361701608,1.1352231922501232e-05,2.6867190172197297e-05,2.433095869491808e-05,4.689439447247423e-05,3.982864654972218e-05,0.000519121007528156,0.0022441891487687826,0.0020663365721702576,0.0027543590404093266,0.00259258970618248,2.285321215822478e-06,5.165497350390069e-05,4.882746361545287e-05,7.904181984486058e-05,6.863190355943516e-05
16,0.14751488818704253,0.007637316361069679,0.1584041565656662,0.15865175426006317,0.20888294279575348,0.20399804413318634,0.23768002197245758,0.00037060403777036834,16663.65579843521,4977.278840303421,1123.4029450943106,4678.009676358486,0.008730818517506123,0.25833216309547424,0.26520273089408875,0.32980281114578247,0.3263317048549652,2.8927695018435568e-05,5.0242751526244926e-05,1.128982512454968e-05,2.5944586013793014e-05,2.345672510273289e-05,4.5370445150183514e-05,3.85767561965622e-05,2.307838940396323e-06,5.1783135859295726e-05,4.8934798542177305e-05,7.946779078338295e-05,6.872019730508327e-05,0.0013966888214151064,2.8927695018435568e-05,0.0020239491430887333,5.0242751526244926e-05,0.00048775781760923564,0.0014583843294531107,0.001353312749415636,0.0019163329852744937,0.0017676444258540869,1.128982512454968e-05,2.5944586013793014e-05,2.345672510273289e-05,4.5370445150183514e-05,3.85767561965622e-05,0.0005327576072886586,0.0021921945735812187,0.0020522477570921183,0.0027802379336208105,0.0025623112451285124,2.307838940396323e-06,5.1783135859295726e-05,4.8934798542177305e-05,7.946779078338295e-05,6.872019730508327e-05
17,0.14404483952476746,0.008126498199999332,0.1549692153930664,0.15480954945087433,0.20339541137218475,0.19892439246177673,0.2351106538499395,0.0003335436339933315,15846.057779073715,3835.4528324604034,1181.3663853177165,4317.319302871315,0.00832561869174242,0.2531753182411194,0.2640514671802521,0.3265444338321686,0.3234558701515198,2.805309820405455e-05,5.024154617569063e-05,1.1289663234492764e-05,2.5063960492843762e-05,2.2649748643743806e-05,4.387720036902465e-05,3.7385190807981417e-05,2.2597942006541416e-06,5.163507739780471e-05,4.835154686588794e-05,8.007659926079214e-05,6.888486677780747e-05,0.0013714239529023567,2.805309820405455e-05,0.0020021950813980463,5.024154617569063e-05,0.0005201881867833436,0.0014267137739807367,0.0013204965507611632,0.0018660121131688356,0.0017237085849046707,1.1289663234492764e-05,2.5063960492843762e-05,2.2649748643743806e-05,4.387720036902465e-05,3.7385190807981417e-05,0.0005072247004136443,0.002159122610464692,0.0020432702731341124,0.002756016794592142,0.002545346040278673,2.2597942006541416e-06,5.163507739780471e-05,4.835154686588794e-05,8.007659926079214e-05,6.888486677780747e-05
18,0.14057475258534152,0.007399554364383221,0.15126018226146698,0.151713564991951,0.19807885587215424,0.19442160427570343,0.23556852228989203,0.0003001892705939984,13286.1201441288,47.019190311431885,1408.9892155816804,4728.147620893674,0.009735111147165298,0.2539657950401306,0.2640778422355652,0.324687659740448,0.3253768980503082,2.721772021282555e-05,5.0432450597372736e-05,1.1189795259269886e-05,2.4241766368504614e-05,2.191645762650296e-05,4.246491153026e-05,3.6275392631068826e-05,2.3257282464328455e-06,5.1753027946688235e-05,4.857659587287344e-05,8.051085023907945e-05,6.899576692376286e-05,0.0013322832534419528,2.721772021282555e-05,0.0020232078734009214,5.0432450597372736e-05,0.000472861691378057,0.0013925592647865415,0.0012940461747348309,0.001817220007069409,0.0016847153892740607,1.1189795259269886e-05,2.4241766368504614e-05,2.191645762650296e-05,4.246491153026e-05,3.6275392631068826e-05,0.0006116044824011624,0.0021603298373520374,0.002042869571596384,0.0027439554687589407,0.0025572848971933126,2.3257282464328455e-06,5.1753027946688235e-05,4.857659587287344e-05,8.051085023907945e-05,6.899576692376286e-05
19,0.13741366259815793,0.007741345092654228,0.14783714711666107,0.14880937337875366,0.19291429221630096,0.18976478278636932,0.23621827628314496,0.0002701703435345986,11948.657796144485,242.87899017333984,1566.7031661112972,4726.734847018568,0.008549230173230171,0.2573870122432709,0.26469671726226807,0.3243381679058075,0.3261192739009857,2.6441323610192235e-05,5.061164096999467e-05,1.1175384315720294e-05,2.3502134354203008e-05,2.1234660380287096e-05,4.109609290026128e-05,3.519788515404798e-05,2.2899989744473714e-06,5.197433347348124e-05,4.849915421800688e-05,8.111101487884298e-05,6.918381404830143e-05,0.0013080534240693345,2.6441323610192235e-05,0.002009848324058112,5.061164096999467e-05,0.0004956374177709222,0.0013610366731882095,0.001269283820874989,0.0017698642332106829,0.00164442986715585,1.1175384315720294e-05,2.3502134354203008e-05,2.1234660380287096e-05,4.109609290026128e-05,3.519788515404798e-05,0.0005280645564198494,0.002180824987590313,0.002044740365818143,0.002739742398262024,0.002555869985371828,2.2899989744473714e-06,5.197433347348124e-05,4.849915421800688e-05,8.111101487884298e-05,6.918381404830143e-05
20,0.1342829583078209,0.007623130455613136,0.1444690227508545,0.14580214023590088,0.1880851536989212,0.185434952378273,0.23616889355778695,0.00024315330918113872,11706.655428171158,12.95149564743042,1599.0903734085973,4727.6959531726325,0.010270612314343452,0.2517394423484802,0.26449334621429443,0.32454752922058105,0.3297930061817169,2.5704053712186378e-05,5.115793930056801e-05,1.1135414752061479e-05,2.2793801690568216e-05,2.062715975625906e-05,3.977010419475846e-05,3.419383938307874e-05,2.3548620902147377e-06,5.2101528126513585e-05,4.8972262447932735e-05,8.214467379730195e-05,7.021622150205076e-05,0.0012788415397355696,2.5704053712186378e-05,0.002031265713596561,5.115793930056801e-05,0.00048809079453349113,0.0013300268910825253,0.0012435641838237643,0.0017256251303479075,0.0016069227131083608,1.1135414752061479e-05,2.2793801690568216e-05,2.062715975625906e-05,3.977010419475846e-05,3.419383938307874e-05,0.0006421753205358982,0.0021429958287626505,0.002044640714302659,0.0027432343922555447,0.002583277178928256,2.3548620902147377e-06,5.2101528126513585e-05,4.8972262447932735e-05,8.214467379730195e-05,7.021622150205076e-05
21,0.13144862486939463,0.00742325047031045,0.14147499203681946,0.14307628571987152,0.18366852402687073,0.1815985143184662,0.2339049343581001,0.00021883797826302486,12556.274550437927,17.34259819984436,1490.8880755038206,4409.860538583613,0.0077292644418776035,0.25457021594047546,0.26154959201812744,0.32323649525642395,0.3224389851093292,2.501634458250616e-05,5.10679557295892e-05,1.1079707292083185e-05,2.2145981347421184e-05,2.0072107872692868e-05,3.852093141176738e-05,3.3263062505284324e-05,2.2270555746217724e-06,5.215602141106501e-05,4.880648702965118e-05,8.203608012991026e-05,7.011411071289331e-05,0.001251364747068793,2.501634458250616e-05,0.0019834644631560273,5.10679557295892e-05,0.0004753305693157017,0.0013024407671764493,0.001220307662151754,0.0016850657993927598,0.0015736796194687486,1.1079707292083185e-05,2.2145981347421184e-05,2.0072107872692868e-05,3.852093141176738e-05,3.3263062505284324e-05,0.00047116042696870863,0.0021589677780866623,0.002022935776039958,0.002731029177084565,0.0025332444347441196,2.2270555746217724e-06,5.215602141106501e-05,4.880648702965118e-05,8.203608012991026e-05,7.011411071289331e-05
22,0.12871535310645899,0.007344060577452183,0.1388145089149475,0.14018072187900543,0.179513081908226,0.17772439122200012,0.23324610298226278,0.00019695418043672237,12041.00042438507,13.23975419998169,1554.6880940298631,4718.899740324123,0.008281896822154522,0.2501247525215149,0.2608805298805237,0.3225191533565521,0.3244238793849945,2.4364527262403296e-05,5.098407553935734e-05,1.103184240491828e-05,2.1537713109864853e-05,1.954915205715224e-05,3.73455295630265e-05,3.235836265957914e-05,2.3144400529417908e-06,5.2060109737794846e-05,4.863719004788436e-05,8.18322878330946e-05,7.007637759670615e-05,0.0012261431244923087,2.4364527262403296e-05,0.0019833635160621875,5.098407553935734e-05,0.00047026711399666965,0.001277923583984375,0.0011955733643844724,0.0016468670219182968,0.0015400841366499662,1.103184240491828e-05,2.1537713109864853e-05,1.954915205715224e-05,3.73455295630265e-05,3.235836265957914e-05,0.0005050243344157934,0.0021279253996908665,0.002016758546233177,0.002724472666159272,0.002542623784393072,2.3144400529417908e-06,5.2060109737794846e-05,4.863719004788436e-05,8.18322878330946e-05,7.007637759670615e-05
23,0.12622023474176725,0.007422007620334625,0.1361798346042633,0.13763658702373505,0.1755918711423874,0.1742708832025528,0.23302291028052569,0.00017725876239305013,11886.211811065674,206.9866852760315,1574.9340746706443,4714.762660700128,0.007959773764014244,0.2501639127731323,0.26070737838745117,0.32231444120407104,0.3239685595035553,2.375896245588491e-05,5.0972245072610655e-05,1.0988904250552878e-05,2.097345350193791e-05,1.906210309243761e-05,3.6227545933797956e-05,3.154285150230862e-05,2.2492531570605934e-06,5.190599040361121e-05,4.870302291237749e-05,8.189346408471465e-05,7.010948320385069e-05,0.0012048369458724565,2.375896245588491e-05,0.0019795090167356345,5.0972245072610655e-05,0.0004756186972372234,0.0012536508729681373,0.001173841068521142,0.0016108978306874633,0.001510182861238718,1.0988904250552878e-05,2.097345350193791e-05,1.906210309243761e-05,3.6227545933797956e-05,3.154285150230862e-05,0.0004869183467235416,0.002128736814484,0.002015621168538928,0.0027232912834733725,0.0025429767556488514,2.2492531570605934e-06,5.190599040361121e-05,4.870302291237749e-05,8.189346408471465e-05,7.010948320385069e-05
24,0.12382883616847297,0.007306274026632309,0.1339368224143982,0.13512560725212097,0.17193230986595154,0.17084237933158875,0.2326405986895164,0.00015953288615374513,12346.389085769653,384.44812870025635,1516.2327924345523,4689.277695152709,0.011573882773518562,0.25005969405174255,0.2593498229980469,0.321464866399765,0.32075610756874084,2.318646724120299e-05,5.115747436863482e-05,1.093108130589826e-05,2.0466502974159084e-05,1.8610960978548974e-05,3.517292134347372e-05,3.075089261983521e-05,2.441837068545283e-06,5.2428174967644736e-05,4.871740020462312e-05,8.220876043196768e-05,6.999128527240828e-05,0.0011822412312208648,2.318646724120299e-05,0.002021486205246765,5.115747436863482e-05,0.00046811564243398607,0.0012329746969044209,0.0011523842113092542,0.001577299553900957,0.0014804259408265352,1.093108130589826e-05,2.0466502974159084e-05,1.8610960978548974e-05,3.517292134347372e-05,3.075089261983521e-05,0.0007398360758088529,0.002128354273736477,0.0020045258570462465,0.0027161019388586283,0.00251860823482275,2.441837068545283e-06,5.2428174967644736e-05,4.871740020462312e-05,8.220876043196768e-05,6.999128527240828e-05
25,0.12163061062991619,0.006863247603178024,0.13177500665187836,0.1330949366092682,0.16842210292816162,0.16799791157245636,0.2326983111694455,0.0001435795975383706,12681.158177375793,18.069175958633423,1476.205858972565,4546.474891711348,0.011276318691670895,0.24896815419197083,0.2593407928943634,0.3216797113418579,0.3222259283065796,2.2653303725468907e-05,5.122273165314558e-05,1.0853786079678684e-05,1.9993776732007973e-05,1.822276863094885e-05,3.4184926335001364e-05,3.0011548005859368e-05,2.4350924832106102e-06,5.2169303671689704e-05,4.87206234538462e-05,8.24107337393798e-05,7.037760951789096e-05,0.0011576134136832682,2.2653303725468907e-05,0.0020157325226076257,5.122273165314558e-05,0.00043911434477195144,0.0012130802497267723,0.0011350318090990186,0.001545052626170218,0.0014557746471837163,1.0853786079678684e-05,1.9993776732007973e-05,1.822276863094885e-05,3.4184926335001364e-05,3.0011548005859368e-05,0.0007109739817678928,0.0021175111178308725,0.0020045205019414425,0.002716340124607086,0.0025293095968663692,2.4350924832106102e-06,5.2169303671689704e-05,4.87206234538462e-05,8.24107337393798e-05,7.037760951789096e-05
26,0.11965989051655762,0.0068432241678237915,0.12985996901988983,0.131470188498497,0.16516739130020142,0.1649584025144577,0.23188663245290517,0.00012922163778453355,12166.601392745972,16.330580711364746,1538.6383917501666,4545.745455957929,0.00794997438788414,0.24981816112995148,0.2590164244174957,0.3214191198348999,0.3212297260761261,2.2173206449502282e-05,5.124760486986967e-05,1.0817107067850884e-05,1.9574741600081325e-05,1.7874255718197674e-05,3.326368459966034e-05,2.9336268198676407e-05,2.265622470076778e-06,5.223851985647343e-05,4.861368142883293e-05,8.271665865322575e-05,7.040373020572588e-05,0.0011398211440440112,2.2173206449502282e-05,0.001969277890829835,5.124760486986967e-05,0.000437959999544546,0.0011954025831073523,0.0011211714008823037,0.0015151732368394732,0.001429402851499617,1.0817107067850884e-05,1.9574741600081325e-05,1.7874255718197674e-05,3.326368459966034e-05,2.9336268198676407e-05,0.0004858701431658119,0.0021232101134955883,0.0020020168740302324,0.002714597387239337,0.002520692301914096,2.265622470076778e-06,5.223851985647343e-05,4.861368142883293e-05,8.271665865322575e-05,7.040373020572588e-05
27,0.1177640950632178,0.006922249682247639,0.1279338151216507,0.12980492413043976,0.16199833154678345,0.1621605008840561,0.23231955502877633,0.0001162994740060802,11420.942735433578,563.0552799701691,1639.0941127759122,5117.2439298904565,0.007852713577449322,0.24993926286697388,0.2604805827140808,0.3221648335456848,0.3211623728275299,2.171037376918624e-05,5.1462586777233806e-05,1.0772312634799164e-05,1.9179738956154324e-05,1.7557304090587422e-05,3.2371230190619826e-05,2.8671247491729446e-05,2.268192474730313e-06,5.245753709459677e-05,4.87122597405687e-05,8.313584112329409e-05,7.073925371514633e-05,0.0011238017566372743,2.171037376918624e-05,0.001973492538339148,5.1462586777233806e-05,0.0004432534333318472,0.001177670550532639,0.0011069464962929487,0.0014860180672258139,0.001405129092745483,1.0772312634799164e-05,1.9179738956154324e-05,1.7557304090587422e-05,3.2371230190619826e-05,2.8671247491729446e-05,0.0004793195112142712,0.0021287621930241585,0.00201455713249743,0.0027227208483964205,0.002522093243896961,2.268192474730313e-06,5.245753709459677e-05,4.87122597405687e-05,8.313584112329409e-05,7.073925371514633e-05
28,0.11597556646106144,0.0062419343739748,0.12618809938430786,0.12863491475582123,0.15906469523906708,0.1597471833229065,0.233022416018943,0.00010466952660547218,11885.706890106201,1049.6480350494385,1575.0009800075704,5005.856794564799,0.007727765012532473,0.25253787636756897,0.2593919038772583,0.3219776153564453,0.3234769105911255,2.128305185558727e-05,5.186886611610741e-05,1.0707016372180078e-05,1.8811915651895106e-05,1.7275011487072334e-05,3.154351725243032e-05,2.8077949536964297e-05,2.2924109543964732e-06,5.2726092690136284e-05,4.909957351628691e-05,8.37194747873582e-05,7.150648889364675e-05,0.0011001284722102962,2.128305185558727e-05,0.001975644915593633,5.186886611610741e-05,0.0003988277749158442,0.0011616034898906946,0.001096941763535142,0.0014590740902349353,0.0013841893523931503,1.0707016372180078e-05,1.8811915651895106e-05,1.7275011487072334e-05,3.154351725243032e-05,2.8077949536964297e-05,0.00046963946078903973,0.0021468724589794874,0.0020053847692906857,0.0027195988222956657,0.0025367438793182373,2.2924109543964732e-06,5.2726092690136284e-05,4.909957351628691e-05,8.37194747873582e-05,7.150648889364675e-05
